098120,마이크로컨텍솔,마이크로컨텍솔
009520,포스코엠텍,포스코엠텍
058820,CMG제약,CMG제약
050120,ES큐브,ES큐브
024120,KB오토시스,KB오토시스
044180,KD,KD
086960,MDS테크,MDS테크
950110,SBI핀테크솔루션즈,SBI핀테크솔루션즈
079940,가비아,가비아
078890,가온미디어,가온미디어
399720,가온칩스,가온칩스
036620,감성코퍼레이션,감성코퍼레이션
217730,강스템바이오텍,강스템바이오텍
114190,강원에너지,강원에너지
094480,갤럭시아머니트리,갤럭시아머니트리
039240,경남스틸,경남스틸
053950,경남제약,경남제약
011040,경동제약,경동제약
024910,경창산업,경창산업
198440,고려시멘트,고려시멘트
049720,고려신용정보,고려신용정보
014570,고려제약,고려제약
348150,고바이오랩,고바이오랩
098460,고영,고영
035290,골드앤에스,골드앤에스
038530,골드퍼시픽,골드퍼시픽
215000,골프존,골프존
121440,골프존뉴딘홀딩스,골프존뉴딘홀딩스
366030,공구우먼,공구우먼
014200,광림,광림
029480,광무,광무
026910,광진실업,광진실업
355150,교보10호스팩,교보10호스팩
397880,교보11호스팩,교보11호스팩
421800,교보12호스팩,교보12호스팩
440790,교보13호스팩,교보13호스팩
053270,구영테크,구영테크
066620,국보디자인,국보디자인
043650,국순당,국순당
006050,국영지앤엠,국영지앤엠
060480,국일신동,국일신동
078130,국일제지,국일제지
307750,국전약품,국전약품
035080,그래디언트,그래디언트
900290,GRT,GRT
204020,그리티,그리티
186230,그린플러스,그린플러스
083450,GST,GST
900070,글로벌에스엠,글로벌에스엠
204620,글로벌텍스프리,글로벌텍스프리
019660,글로본,글로본
053260,금강철강,금강철강
036190,금화피에스시,금화피에스시
049080,기가레인,기가레인
035460,기산텔레콤,기산텔레콤
308100,까스텔바작,까스텔바작
187790,나노,나노
286750,나노브릭,나노브릭
121600,나노신소재,나노신소재
247660,나노씨엠에스,나노씨엠에스
039860,나노엔텍,나노엔텍
091970,나노캠텍,나노캠텍
051490,나라엠앤디,나라엠앤디
137080,나래나노텍,나래나노텍
190510,나무가,나무가
242040,나무기술,나무기술
089600,나스미디어,나스미디어
293580,나우IB,나우IB
138610,나이벡,나이벡
130580,나이스디앤비,나이스디앤비
036800,나이스정보통신,나이스정보통신
030190,NICE평가정보,NICE평가정보
267320,나인테크,나인테크
111710,남화산업,남화산업
091590,남화토건,남화토건
168330,내츄럴엔도텍,내츄럴엔도텍
094860,네오리진,네오리진
253590,네오셈,네오셈
212560,네오오토,네오오토
095660,네오위즈,네오위즈
042420,네오위즈홀딩스,네오위즈홀딩스
950220,네오이뮨텍,네오이뮨텍
311390,네오크레마,네오크레마
085910,네오티스,네오티스
092730,네오팜,네오팜
290660,네오펙트,네오펙트
306620,네온테크,네온테크
153460,네이블,네이블
007390,네이처셀,네이처셀
033640,네패스,네패스
330860,네패스아크,네패스아크
089140,넥스턴바이오,넥스턴바이오
137940,넥스트아이,넥스트아이
160550,NEW,NEW
396270,넥스트칩,넥스트칩
348210,넥스틴,넥스틴
225570,넥슨게임즈,넥슨게임즈
217270,넵튠,넵튠
104620,노랑풍선,노랑풍선
194700,노바렉스,노바렉스
285490,노바텍,노바텍
106520,노블엠앤비,노블엠앤비
376930,노을,노을
278650,노터스,노터스
142280,녹십자엠에스,녹십자엠에스
234690,녹십자웰빙,녹십자웰빙
065560,녹원씨엔아이,녹원씨엔아이
154030,아시아종묘,아시아종묘
054050,농우바이오,농우바이오
069140,누리플랜,누리플랜
040160,누리플렉스,누리플렉스
332290,누보,누보
348340,뉴로메카,뉴로메카
060260,뉴보텍,뉴보텍
012340,뉴인텍,뉴인텍
214870,뉴지랩파마,뉴지랩파마
270870,뉴트리,뉴트리
144960,뉴파워프라즈마,뉴파워프라즈마
085670,뉴프렉스,뉴프렉스
064260,다날,다날
093640,다믈멀티미디어,다믈멀티미디어
340360,다보링크,다보링크
039560,다산네트웍스,다산네트웍스
298870,다올인베스트먼트,다올인베스트먼트
032190,다우데이타,다우데이타
068240,다원시스,다원시스
020400,대동금속,대동금속
008830,대동기어,대동기어
048470,대동스틸,대동스틸
004780,대륙제관,대륙제관
017650,대림제지,대림제지
007720,대명소노시즌,대명소노시즌
389260,대명에너지,대명에너지
317850,대모,대모
290670,대보마그네틱,대보마그네틱
078140,대봉엘에스,대봉엘에스
036480,대성미생물,대성미생물
025440,대성엘텍,대성엘텍
027830,대성창투,대성창투
104040,대성파인텍,대성파인텍
129920,대성하이텍,대성하이텍
387310,대신밸런스제10호스팩,대신밸런스제10호스팩
397500,대신밸런스제11호스팩,대신밸런스제11호스팩
426670,대신밸런스제12호스팩,대신밸런스제12호스팩
438220,대신밸런스제13호스팩,대신밸런스제13호스팩
442310,대신밸런스제14호스팩,대신밸런스제14호스팩
020180,대신정보통신,대신정보통신
045390,대아티아이,대아티아이
108380,대양전기공업,대양전기공업
006580,대양제지,대양제지
007680,대원,대원
048910,대원미디어,대원미디어
005710,대원산업,대원산업
290380,대유,대유
290120,대유에이피,대유에이피
120240,대정화금,대정화금
003310,대주산업,대주산업
078600,대주전자재료,대주전자재료
096350,대창솔루션,대창솔루션
140520,대창스틸,대창스틸
131220,대한과학,대한과학
010170,대한광통신,대한광통신
060900,대한그린파워,대한그린파워
054670,대한뉴팜,대한뉴팜
023910,대한약품,대한약품
021040,대호특수강,대호특수강
021045,대호특수강우,대호특수강우
067080,대화제약,대화제약
161570,THE MIDONG,THE MIDONG
298540,더네이쳐홀딩스,더네이쳐홀딩스
393890,더블유씨피,더블유씨피
299170,더블유에스아이,더블유에스아이
089230,THE E&M,THE E&M
224060,더코디,더코디
213420,덕산네오룩스,덕산네오룩스
317330,덕산테코피아,덕산테코피아
077360,덕산하이메탈,덕산하이메탈
090410,덕신하우징,덕신하우징
263600,덕우전자,덕우전자
194480,데브시스터즈,데브시스터즈
263800,데이타솔루션,데이타솔루션
206560,덱스터,덱스터
261200,덴티스,덴티스
067990,도이치모터스,도이치모터스
006620,동구바이오제약,동구바이오제약
005160,동국산업,동국산업
075970,동국알앤에스,동국알앤에스
100130,동국S&C,동국S&C
086450,동국제약,동국제약
099410,동방선기,동방선기
033500,동성화인텍,동성화인텍
025950,동신건설,동신건설
088130,동아엘텍,동아엘텍
041930,동아화성,동아화성
060380,동양에스텍,동양에스텍
079960,동양이엔피,동양이엔피
228340,동양파일,동양파일
088910,동우팜투테이블,동우팜투테이블
094170,동운아나텍,동운아나텍
013120,동원개발,동원개발
109860,동일금속,동일금속
032960,동일기연,동일기연
023790,동일철강,동일철강
005290,동진쎄미켐,동진쎄미켐
025900,동화기업,동화기업
131970,두산테스나,두산테스나
073190,듀오백,듀오백
030350,드래곤플라이,드래곤플라이
203650,드림시큐리티,드림시큐리티
223250,드림씨아이에스,드림씨아이에스
060570,드림어스컴퍼니,드림어스컴퍼니
217620,디딤이앤에프,디딤이앤에프
016670,디모아,디모아
187870,디바이스이엔지,디바이스이엔지
404950,DB금융스팩10호,DB금융스팩10호
367340,DB금융스팩8호,DB금융스팩8호
367360,DB금융스팩9호,DB금융스팩9호
066670,디스플레이텍,디스플레이텍
110990,디아이티,디아이티
078590,디아크,디아크
263690,디알젬,디알젬
214680,디알텍,디알텍
263720,디앤씨미디어,디앤씨미디어
376300,디어유,디어유
241520,DSC인베스트먼트,DSC인베스트먼트
141020,디에스앤엘,디에스앤엘
109740,디에스케이,디에스케이
196490,디에이테크놀로지,디에이테크놀로지
066900,디에이피,디에이피
180400,DXVX,DXVX
127120,디엔에이링크,디엔에이링크
092070,디엔에프,디엔에프
068790,DMS,DMS
039840,디오,디오
219550,디와이디,디와이디
310870,디와이씨,디와이씨
104460,디와이피엔에프,디와이피엔에프
079810,디이엔티,디이엔티
113810,디젠스,디젠스
043360,디지아이,디지아이
197140,디지캡,디지캡
068930,디지털대성,디지털대성
033130,디지틀조선,디지틀조선
105740,디케이락,디케이락
263020,디케이앤디,디케이앤디
290550,디케이티,디케이티
187220,디티앤씨,디티앤씨
383930,디티앤씨알오,디티앤씨알오
131180,딜리,딜리
315640,딥노이드,딥노이드
317120,라닉스,라닉스
042510,라온시큐어,라온시큐어
232680,라온테크,라온테크
300120,라온피플,라온피플
171120,라이온켐텍,라이온켐텍
069540,라이트론,라이트론
347700,라이프시맨틱스,라이프시맨틱스
214260,라파스,라파스
200350,래몽래인,래몽래인
171010,램테크놀러지,램테크놀러지
084650,랩지노믹스,랩지노믹스
217500,러셀,러셀
141080,레고켐바이오,레고켐바이오
038390,레드캡투어,레드캡투어
294140,레몬,레몬
228670,레이,레이
228850,레이언스,레이언스
412350,레이저쎌,레이저쎌
281740,레이크머티리얼즈,레이크머티리얼즈
277810,레인보우로보틱스,레인보우로보틱스
215100,로보로보,로보로보
090360,로보스타,로보스타
108490,로보티즈,로보티즈
900260,로스웰,로스웰
067730,로지시스,로지시스
071280,로체시스템즈,로체시스템즈
328130,루닛,루닛
038060,루멘스,루멘스
085370,루트로닉,루트로닉
08537M,루트로닉3우C,루트로닉3우C
060240,룽투코리아,룽투코리아
058470,리노공업,리노공업
039980,리노스,리노스
019570,리더스 기술투자,리더스 기술투자
016100,리더스코스메틱,리더스코스메틱
012700,리드코프,리드코프
302550,리메드,리메드
377450,리파인,리파인
277070,린드먼아시아,린드먼아시아
042500,링네트,링네트
219420,링크제니시스,링크제니시스
195500,마니커에프앤지,마니커에프앤지
305090,마이크로디지탈,마이크로디지탈
147760,마이크로프랜드,마이크로프랜드
377480,마인즈랩,마인즈랩
169330,엠브레인,엠브레인
038290,마크로젠,마크로젠
267980,매일유업,매일유업
005990,매일홀딩스,매일홀딩스
093520,매커스,매커스
377030,맥스트,맥스트
100590,머큐리,머큐리
067280,멀티캠퍼스,멀티캠퍼스
072870,메가스터디,메가스터디
215200,메가스터디교육,메가스터디교육
133750,메가엠디,메가엠디
235980,메드팩토,메드팩토
041920,메디아나,메디아나
014100,메디앙스,메디앙스
054180,메디콕스,메디콕스
086900,메디톡스,메디톡스
078160,메디포스트,메디포스트
065650,메디프론,메디프론
021880,메이슨캐피탈,메이슨캐피탈
140410,메지온,메지온
241770,메카로,메카로
059210,메타바이오메드,메타바이오메드
058110,멕아이씨에스,멕아이씨에스
096640,멜파스,멜파스
257370,명성티엔에스,명성티엔에스
080420,모다이노칩,모다이노칩
417970,모델솔루션,모델솔루션
080160,모두투어,모두투어
087260,모바일어플라이언스,모바일어플라이언스
101330,모베이스,모베이스
012860,모베이스전자,모베이스전자
363260,모비데이즈,모비데이즈
348030,모비릭스,모비릭스
250060,모비스,모비스
288980,모아데이타,모아데이타
033200,모아텍,모아텍
333050,모코엠시스,모코엠시스
118990,모트렉스,모트렉스
006920,모헨즈,모헨즈
038340,MIT,MIT
001810,무림SP,무림SP
279600,미디어젠,미디어젠
095500,미래나노텍,미래나노텍
218150,미래생명자원,미래생명자원
353490,미래에셋대우스팩 5호,미래에셋대우스팩 5호
100790,미래에셋벤처투자,미래에셋벤처투자
412930,미래에셋비전스팩1호,미래에셋비전스팩1호
049950,미래컴퍼니,미래컴퍼니
207760,미스터블루,미스터블루
059090,미코,미코
214610,미코바이오메드,미코바이오메드
201490,미투온,미투온
950190,미투젠,미투젠
206640,바디텍메드,바디텍메드
018700,바른손,바른손
035620,바른손이앤에이,바른손이앤에이
053030,바이넥스,바이넥스
301300,바이브컴퍼니,바이브컴퍼니
064550,바이오니아,바이오니아
314930,바이오다인,바이오다인
208710,바이오로그디바이스,바이오로그디바이스
086820,바이오솔루션,바이오솔루션
038460,바이오스마트,바이오스마트
251120,바이오에프디엔씨,바이오에프디엔씨
086040,바이오톡스텍,바이오톡스텍
099430,바이오플러스,바이오플러스
032980,바이온,바이온
222160,바이옵트로,바이옵트로
308080,바이젠셀,바이젠셀
043150,바텍,바텍
323990,박셀바이오,박셀바이오
267790,배럴,배럴
046310,백금T&A,백금T&A
331520,밸로프,밸로프
066410,버킷스튜디오,버킷스튜디오
382900,범한퓨얼셀,범한퓨얼셀
206400,베노홀딩스,베노홀딩스
019010,베뉴지,베뉴지
177350,베셀,베셀
299910,베스파,베스파
225530,보광산업,보광산업
250000,보라티알,보라티알
310210,보로노이,보로노이
006910,보성파워텍,보성파워텍
226340,본느,본느
008470,부스타,부스타
014470,부방,부방
338220,뷰노,뷰노
100120,뷰웍스,뷰웍스
337930,브랜드엑스코퍼레이션,브랜드엑스코퍼레이션
099390,브레인즈컴퍼니,브레인즈컴퍼니
064480,브리지텍,브리지텍
288330,브릿지바이오테라퓨틱스,브릿지바이오테라퓨틱스
365900,브이씨,브이씨
251630,브이원텍,브이원텍
018290,브이티지엠피,브이티지엠피
044480,블레이드 Ent,블레이드 Ent
033560,블루콤,블루콤
369370,블리츠웨이,블리츠웨이
126340,비나텍,비나텍
121800,비덴트,비덴트
148140,비디아이,비디아이
082800,비보존 제약,비보존 제약
318410,비비씨,비비씨
419540,비스토스,비스토스
146320,비씨엔씨,비씨엔씨
200780,비씨월드제약,비씨월드제약
141000,비아트론,비아트론
090460,비에이치,비에이치
083650,비에이치아이,비에이치아이
032790,비엔지티,비엔지티
445360,비엔케이제1호스팩,비엔케이제1호스팩
142760,비엘,비엘
065170,비엘팜텍,비엘팜텍
086670,비엠티,비엠티
335890,비올,비올
138580,비즈니스온,비즈니스온
126600,BGF에코머티리얼즈,BGF에코머티리얼즈
082920,비츠로셀,비츠로셀
054220,비츠로시스,비츠로시스
042370,비츠로테크,비츠로테크
050090,비케이홀딩스,비케이홀딩스
307870,비투엔,비투엔
357880,비트나인,비트나인
032850,비트컴퓨터,비트컴퓨터
148780,비플라이소프트,비플라이소프트
238200,비피도,비피도
093190,빅솔론,빅솔론
065450,빅텍,빅텍
072950,빛샘전자,빛샘전자
143240,사람인에이치알,사람인에이치알
419120,산돌,산돌
100090,삼강엠앤티,삼강엠앤티
122350,삼기,삼기
014970,삼륭물산,삼륭물산
018310,삼목에스폼,삼목에스폼
053700,삼보모터스,삼보모터스
009620,삼보산업,삼보산업
023600,삼보판지,삼보판지
377630,삼성스팩4호,삼성스팩4호
425290,삼성스팩6호,삼성스팩6호
439250,삼성스팩7호,삼성스팩7호
380320,삼성머스트스팩5호,삼성머스트스팩5호
009300,삼아제약,삼아제약
225190,삼양옵틱스,삼양옵틱스
060310,3S,3S
361670,삼영에스앤씨,삼영에스앤씨
054540,삼영엠텍,삼영엠텍
065570,삼영이엔씨,삼영이엔씨
032280,삼일,삼일
002290,삼일기업공사,삼일기업공사
037460,삼지전자,삼지전자
032750,삼진,삼진
054090,삼진엘앤디,삼진엘앤디
000250,삼천당제약,삼천당제약
024950,삼천리자전거,삼천리자전거
038500,삼표시멘트,삼표시멘트
017480,삼현철강,삼현철강
046390,삼화네트웍스,삼화네트웍스
027580,상보,상보
038540,상상인,상상인
101000,상상인인더스트리,상상인인더스트리
415580,상상인제3호스팩,상상인제3호스팩
091580,상신이디피,상신이디피
263810,상신전자,상신전자
089980,상아프론테크,상아프론테크
042940,상지카일룸,상지카일룸
042600,새로닉스,새로닉스
107600,새빗켐,새빗켐
252990,샘씨엔에스,샘씨엔에스
378800,샤페론,샤페론
294630,서남,서남
038070,서린바이오,서린바이오
006730,서부T&D,서부T&D
079650,서산,서산
100660,서암기계공업,서암기계공업
019770,서연탑메탈,서연탑메탈
043710,서울리거,서울리거
092190,서울바이오시스,서울바이오시스
046890,서울반도체,서울반도체
063170,서울옥션,서울옥션
027040,서울전자통신,서울전자통신
018680,서울제약,서울제약
093920,서원인텍,서원인텍
189860,서전기전,서전기전
178320,서진시스템,서진시스템
122690,서진오토모티브,서진오토모티브
140070,서플러스글로벌,서플러스글로벌
011370,서한,서한
065710,서호전기,서호전기
035890,서희건설,서희건설
357550,석경에이티,석경에이티
003100,선광,선광
067370,선바이오,선바이오
171090,선익시스템,선익시스템
086710,선진뷰티사이언스,선진뷰티사이언스
014620,성광벤드,성광벤드
037350,성도이엔지,성도이엔지
081580,성우전자,성우전자
045300,성우테크론,성우테크론
015750,성우하이텍,성우하이텍
365340,성일하이텍,성일하이텍
080470,성창오토텍,성창오토텍
043260,성호전자,성호전자
148150,세경하이테크,세경하이테크
053060,세동,세동
340440,세림B&G,세림B&G
017510,세명전기,세명전기
011560,세보엠이씨,세보엠이씨
396300,세아메카닉스,세아메카닉스
100700,세운메디칼,세운메디칼
024830,세원물산,세원물산
258830,세종메디칼,세종메디칼
036630,세종텔레콤,세종텔레콤
039310,세중,세중
067770,세진티에스,세진티에스
053450,세코닉스,세코닉스
222810,세토피아,세토피아
252500,세화피앤씨,세화피앤씨
347000,센코,센코
331920,셀레믹스,셀레믹스
049180,셀루메드,셀루메드
299660,셀리드,셀리드
268600,셀리버리,셀리버리
108860,셀바스AI,셀바스AI
208370,셀바스헬스케어,셀바스헬스케어
068760,셀트리온제약,셀트리온제약
091990,셀트리온헬스케어,셀트리온헬스케어
068940,셀피글로벌,셀피글로벌
060230,소니드,소니드
290690,소룩스,소룩스
950200,소마젠,소마젠
032680,소프트센,소프트센
032685,소프트센우,소프트센우
258790,소프트캠프,소프트캠프
066910,손오공,손오공
043100,솔고바이오,솔고바이오
154040,솔루에타,솔루에타
035610,솔본,솔본
357780,솔브레인,솔브레인
036830,솔브레인홀딩스,솔브레인홀딩스
304100,솔트룩스,솔트룩스
328380,솔트웨어,솔트웨어
086980,쇼박스,쇼박스
050960,수산아이앤티,수산아이앤티
084180,수성샐바시온,수성샐바시온
253840,수젠텍,수젠텍
236200,슈프리마,슈프리마
317770,슈프리마아이디,슈프리마아이디
094840,슈프리마에이치큐,슈프리마에이치큐
192440,슈피겐코리아,슈피겐코리아
136510,스마트솔루션즈,스마트솔루션즈
099440,스맥,스맥
033790,스카이문스테크놀로지,스카이문스테크놀로지
276040,스코넥,스코넥
159910,스킨앤스킨,스킨앤스킨
115570,스타플렉스,스타플렉스
330730,스톤브릿지벤처스,스톤브릿지벤처스
204630,스튜디오산타클로스,스튜디오산타클로스
253450,스튜디오드래곤,스튜디오드래곤
013810,스페코,스페코
049830,승일,승일
020710,시공테크,시공테크
033170,시그네틱스,시그네틱스
048870,시너지이노베이션,시너지이노베이션
025320,시노펙스,시노펙스
269620,시스웍,시스웍
131090,시큐브,시큐브
139050,시티랩스,시티랩스
290520,신도기연,신도기연
001000,신라섬유,신라섬유
025870,신라에스지,신라에스지
215600,신라젠,신라젠
065350,신성델타테크,신성델타테크
162300,신스틸,신스틸
002800,신신제약,신신제약
344050,신영스팩6호,신영스팩6호
419270,신영스팩7호,신영스팩7호
430220,신영스팩8호,신영스팩8호
445970,신영스팩9호,신영스팩9호
017000,신원종합개발,신원종합개발
012790,신일제약,신일제약
138070,신진에스엠,신진에스엠
226330,신테카바이오,신테카바이오
418210,신한제10호스팩,신한제10호스팩
366330,신한제7호스팩,신한제7호스팩
393360,신한제8호스팩,신한제8호스팩
405640,신한제9호스팩,신한제9호스팩
056700,신화인터텍,신화인터텍
187270,신화콘텍,신화콘텍
243840,신흥에스이씨,신흥에스이씨
257720,실리콘투,실리콘투
222800,심텍,심텍
036710,심텍홀딩스,심텍홀딩스
160980,싸이맥스,싸이맥스
356890,싸이버원,싸이버원
217330,싸이토젠,싸이토젠
010280,쌍용정보통신,쌍용정보통신
208640,썸에이지,썸에이지
222420,쎄노텍,쎄노텍
037760,쎄니트,쎄니트
099320,쎄트렉아이,쎄트렉아이
049960,쎌바이오텍,쎌바이오텍
050890,쏠리드,쏠리드
013720,CBI,CBI
066790,씨씨에스,씨씨에스
222080,씨아이에스,씨아이에스
352480,씨앤씨인터내셔널,씨앤씨인터내셔널
023460,CNH,CNH
264660,씨앤지하이테크,씨앤지하이테크
352700,씨앤투스,씨앤투스
056730,CNT85,CNT85
065770,CS,CS
297090,씨에스베어링,씨에스베어링
083660,CSA 코스믹,CSA 코스믹
359090,씨엔알리서치,씨엔알리서치
115530,씨엔플러스,씨엔플러스
115480,씨유메디칼,씨유메디칼
376290,씨유테크,씨유테크
189330,씨이랩,씨이랩
311690,CJ 바이오사이언스,CJ 바이오사이언스
035760,CJ ENM,CJ ENM
051500,CJ프레시웨이,CJ프레시웨이
096530,씨젠,씨젠
900120,씨케이에이치,씨케이에이치
101240,씨큐브,씨큐브
060590,씨티씨바이오,씨티씨바이오
260930,씨티케이,씨티케이
013990,아가방컴퍼니,아가방컴퍼니
123860,아나패스,아나패스
025980,아난티,아난티
058220,아리온,아리온
125210,아모그린텍,아모그린텍
052710,아모텍,아모텍
074430,아미노로직스,아미노로직스
092040,아미코젠,아미코젠
083930,아바코,아바코
149950,아바텍,아바텍
036010,아비코전자,아비코전자
050860,아세아텍,아세아텍
136410,아셈스,아셈스
246720,아스타,아스타
067390,아스트,아스트
159010,아스플로,아스플로
127710,아시아경제,아시아경제
227610,아우딘퓨쳐스,아우딘퓨쳐스
143160,아이디스,아이디스
054800,아이디스홀딩스,아이디스홀딩스
332370,아이디피,아이디피
339950,아이비김영,아이비김영
351340,IBKS제13호스팩,IBKS제13호스팩
388790,IBKS제16호스팩,IBKS제16호스팩
405350,IBKS제17호스팩,IBKS제17호스팩
424760,IBKS제18호스팩,IBKS제18호스팩
426550,IBKS제19호스팩,IBKS제19호스팩
439730,IBKS제20호스팩,IBKS제20호스팩
442770,IBKS제21호스팩,IBKS제21호스팩
099190,아이센스,아이센스
289010,아이스크림에듀,아이스크림에듀
214430,아이쓰리시스템,아이쓰리시스템
040910,아이씨디,아이씨디
368600,아이씨에이치,아이씨에이치
052860,아이앤씨,아이앤씨
095340,ISC,ISC
069920,아이에스이커머스,아이에스이커머스
038880,아이에이,아이에이
307180,아이엘사이언스,아이엘사이언스
101390,아이엠,아이엠
052220,iMBC,iMBC
078860,아이오케이,아이오케이
090150,아이윈,아이윈
123010,아이윈플러스,아이윈플러스
031310,아이즈비전,아이즈비전
185490,아이진,아이진
059100,아이컴포넌트,아이컴포넌트
262840,아이퀘스트,아이퀘스트
175250,아이큐어,아이큐어
052460,아이크래프트,아이크래프트
119830,아이텍,아이텍
052770,아이톡시,아이톡시
124500,아이티센,아이티센
372800,아이티아이즈,아이티아이즈
099520,ITX-AI,ITX-AI
084850,아이티엠반도체,아이티엠반도체
114840,아이패밀리에스씨,아이패밀리에스씨
027360,아주IB투자,아주IB투자
032080,아즈텍WB,아즈텍WB
013310,아진산업,아진산업
059120,아진엑스텍,아진엑스텍
158430,아톤,아톤
067160,아프리카TV,아프리카TV
001540,안국약품,안국약품
053800,안랩,안랩
065660,안트로젠,안트로젠
297570,알로이스,알로이스
260660,알리코제약,알리코제약
361570,알비더블유,알비더블유
131370,알서포트,알서포트
140670,알에스오토메이션,알에스오토메이션
327260,RF머트리얼즈,RF머트리얼즈
096610,알에프세미,알에프세미
218410,RFHIC,RFHIC
061040,알에프텍,알에프텍
148250,알엔투테크놀로지,알엔투테크놀로지
347860,알체라,알체라
196170,알테오젠,알테오젠
123750,알톤스포츠,알톤스포츠
085810,알티캐스트,알티캐스트
117670,알파홀딩스,알파홀딩스
314140,알피바이오,알피바이오
291650,압타머사이언스,압타머사이언스
293780,압타바이오,압타바이오
196300,애니젠,애니젠
310200,애니플러스,애니플러스
179530,애드바이오텍,애드바이오텍
900100,애머릿지,애머릿지
205500,액션스퀘어,액션스퀘어
052790,액토즈소프트,액토즈소프트
290740,액트로,액트로
238090,앤디포스,앤디포스
092600,앤씨앤,앤씨앤
129890,앱코,앱코
174900,앱클론,앱클론
255440,야스,야스
030960,양지사,양지사
073570,어반리튬,어반리튬
102120,어보브반도체,어보브반도체
263540,어스앤에어로스페이스,어스앤에어로스페이스
238120,얼라인드,얼라인드
019990,에너토크,에너토크
270660,에브리봇,에브리봇
038680,에스넷,에스넷
217480,에스디생명공학,에스디생명공학
121890,에스디시스템,에스디시스템
099220,SDN,SDN
097780,에스맥,에스맥
289080,SV인베스트먼트,SV인베스트먼트
151910,SBW생명과학,SBW생명과학
389500,에스비비테크,에스비비테크
019550,SBI인베스트먼트,SBI인베스트먼트
046140,SBS콘텐츠허브,SBS콘텐츠허브
042110,에스씨디,에스씨디
036120,SCI평가정보,SCI평가정보
298060,에스씨엠생명과학,에스씨엠생명과학
065420,에스아이리소스,에스아이리소스
103230,에스앤더블류,에스앤더블류
260970,에스앤디,에스앤디
101490,에스앤에스텍,에스앤에스텍
095910,에스에너지,에스에너지
275630,에스에스알,에스에스알
419530,SAMG엔터,SAMG엔터
031330,에스에이엠티,에스에이엠티
060540,에스에이티,에스에이티
351320,에스에이티이엔지,에스에이티이엔지
056190,에스에프에이,에스에프에이
036540,SFA반도체,SFA반도체
080000,에스엔유,에스엔유
091340,S&K폴리텍,S&K폴리텍
214310,에스엘바이오닉스,에스엘바이오닉스
063440,SM Life Design,SM Life Design
041510,에스엠,에스엠
048550,SM C&C,SM C&C
007820,에스엠코어,에스엠코어
109610,에스와이,에스와이
306040,에스제이그룹,에스제이그룹
016250,SGC이테크건설,SGC이테크건설
049470,SGA,SGA
184230,SGA솔루션즈,SGA솔루션즈
040610,SG&G,SG&G
255220,SG,SG
408920,에스케이증권7호스팩,에스케이증권7호스팩
435870,에스케이증권제8호스팩,에스케이증권제8호스팩
096630,에스코넥,에스코넥
069510,에스텍,에스텍
041910,에스텍파마,에스텍파마
234300,에스트래픽,에스트래픽
039440,에스티아이,에스티아이
098660,에스티오,에스티오
052020,에스티큐브,에스티큐브
237690,에스티팜,에스티팜
050760,에스폴리텍,에스폴리텍
288620,에스퓨얼셀,에스퓨얼셀
317830,에스피시스템스,에스피시스템스
058610,에스피지,에스피지
043340,에쎈테크,에쎈테크
187660,에이디엠코리아,에이디엠코리아
054630,에이디칩스,에이디칩스
200710,에이디테크놀로지,에이디테크놀로지
096690,에이루트,에이루트
298380,에이비엘바이오,에이비엘바이오
203400,에이비온,에이비온
195990,에이비프로바이오,에이비프로바이오
003800,에이스침대,에이스침대
088800,에이스테크,에이스테크
241840,에이스토리,에이스토리
312610,에이에프더블류,에이에프더블류
297890,HB솔루션,HB솔루션
078150,HB테크놀러지,HB테크놀러지
072990,에이치시티,에이치시티
036640,HRS,HRS
227100,에이치앤비디자인,에이치앤비디자인
028300,HLB,HLB
067630,HLB생명과학,HLB생명과학
047920,HLB제약,HLB제약
115450,HLB테라퓨틱스,HLB테라퓨틱스
239610,에이치엘사이언스,에이치엘사이언스
353070,에이치엠씨제4호스팩,에이치엠씨제4호스팩
353060,에이치엠씨제5호스팩,에이치엠씨제5호스팩
148930,에이치와이티씨,에이치와이티씨
044780,에이치케이,에이치케이
195940,HK이노엔,HK이노엔
403870,HPSP,HPSP
357230,에이치피오,에이치피오
071670,에이테크솔루션,에이테크솔루션
045660,에이텍,에이텍
224110,에이텍티앤,에이텍티앤
230980,에이트원,에이트원
021080,에이티넘인베스트,에이티넘인베스트
089530,에이티세미콘,에이티세미콘
200470,에이팩트,에이팩트
262260,에이프로,에이프로
109960,에이프로젠 H&G,에이프로젠 H&G
397030,에이프릴바이오,에이프릴바이오
265520,AP시스템,AP시스템
054620,APS홀딩스,APS홀딩스
211270,AP위성,AP위성
089970,에이피티씨,에이피티씨
230240,에치에프알,에치에프알
230360,에코마케팅,에코마케팅
038870,에코바이오,에코바이오
101360,에코앤드림,에코앤드림
128540,에코캡,에코캡
086520,에코프로,에코프로
247540,에코프로비엠,에코프로비엠
383310,에코프로에이치엔,에코프로에이치엔
038110,에코플라스틱,에코플라스틱
073540,에프알텍,에프알텍
064850,에프앤가이드,에프앤가이드
064090,에프앤리퍼블릭,에프앤리퍼블릭
214270,FSN,FSN
036810,에프에스티,에프에스티
173940,에프엔씨엔터,에프엔씨엔터
083500,에프엔에스테크,에프엔에스테크
054940,엑사이엔씨,엑사이엔씨
043090,엑서지21,엑서지21
950130,엑세스바이오,엑세스바이오
205100,엑셈,엑셈
070300,엑스큐어,엑스큐어
092870,엑시콘,엑시콘
317870,엔바이오니아,엔바이오니아
067570,엔브이에이치코리아,엔브이에이치코리아
236810,엔비티,엔비티
333620,엔시스,엔시스
101400,엔시트론,엔시트론
031860,엔에스엔,엔에스엔
391060,엔에이치스팩20호,엔에이치스팩20호
396770,엔에이치스팩22호,엔에이치스팩22호
422040,엔에이치스팩23호,엔에이치스팩23호
437780,엔에이치스팩24호,엔에이치스팩24호
438580,엔에이치스팩25호,엔에이치스팩25호
439410,엔에이치스팩26호,엔에이치스팩26호
440820,엔에이치스팩27호,엔에이치스팩27호
104200,NHN벅스,NHN벅스
060250,NHN한국사이버결제,NHN한국사이버결제
265740,엔에프씨,엔에프씨
053290,NE능률,NE능률
354200,엔젠바이오,엔젠바이오
419080,엔젯,엔젯
208860,엔지스테크널러지,엔지스테크널러지
183490,엔지켐생명과학,엔지켐생명과학
182400,엔케이맥스,엔케이맥스
348370,엔켐,엔켐
069410,엔텔스,엔텔스
227950,엔투텍,엔투텍
291230,엔피,엔피
198080,엔피디,엔피디
048830,엔피케이,엔피케이
096870,엘디티,엘디티
376190,엘비루셈,엘비루셈
061970,엘비세미콘,엘비세미콘
138690,엘아이에스,엘아이에스
290650,엘앤씨바이오,엘앤씨바이오
066970,엘앤에프,엘앤에프
156100,엘앤케이바이오,엘앤케이바이오
073110,엘엠에스,엘엠에스
083310,엘오티베큠,엘오티베큠
037950,엘컴텍,엘컴텍
170920,엘티씨,엘티씨
058630,엠게임,엠게임
058970,엠로,엠로
019590,엠벤처투자,엠벤처투자
179290,엠아이텍,엠아이텍
009780,엠에스씨,엠에스씨
123040,엠에스오토텍,엠에스오토텍
323230,엠에프엠코리아,엠에프엠코리아
033160,엠케이전자,엠케이전자
347890,엠투아이,엠투아이
033310,엠투엔,엠투엔
259630,엠플러스,엠플러스
065150,엠피대산,엠피대산
050540,엠피씨플러스,엠피씨플러스
115960,연우,연우
060850,영림원소프트랩,영림원소프트랩
007530,영신금속,영신금속
143540,영우디에스피,영우디에스피
112290,영창케미칼,영창케미칼
036560,영풍정밀,영풍정밀
265560,영화테크,영화테크
036000,예림당,예림당
250930,예선테크,예선테크
053280,예스24,예스24
122640,예스티,예스티
900300,오가닉티코스메틱,오가닉티코스메틱
045060,오공,오공
080520,오디텍,오디텍
039830,오로라,오로라
322310,오로스테크놀로지,오로스테크놀로지
046120,오르비텍,오르비텍
014940,오리엔탈정공,오리엔탈정공
065500,오리엔트정공,오리엔트정공
010470,오리콤,오리콤
352910,오비고,오비고
053980,오상자이엘,오상자이엘
052420,오성첨단소재,오성첨단소재
241790,오션브릿지,오션브릿지
039200,오스코텍,오스코텍
031510,오스템,오스템
048260,오스템임플란트,오스템임플란트
368970,오에스피,오에스피
138080,오이솔루션,오이솔루션
080580,오킨스전자,오킨스전자
067170,오텍,오텍
353590,오토앤,오토앤
173130,오파스넷,오파스넷
049480,오픈베이스,오픈베이스
394280,오픈엣지테크놀로지,오픈엣지테크놀로지
309930,오하임아이엔티,오하임아이엔티
244460,올리패스,올리패스
226950,올릭스,올릭스
057540,옴니시스템,옴니시스템
131030,옵투스제약,옵투스제약
082210,옵트론텍,옵트론텍
109080,옵티시스,옵티시스
380540,옵티코어,옵티코어
153710,옵티팜,옵티팜
051390,YW,YW
321820,와이더플래닛,와이더플래닛
057030,YBM넷,YBM넷
122990,와이솔,와이솔
232140,와이아이케이,와이아이케이
065530,와이어블,와이어블
067900,와이엔텍,와이엔텍
155650,와이엠씨,와이엠씨
273640,와이엠텍,와이엠텍
251370,와이엠티,와이엠티
066430,와이오엠,와이오엠
193250,와이제이엠게임즈,와이제이엠게임즈
273060,와이즈버즈,와이즈버즈
019210,와이지-원,와이지-원
122870,와이지엔터테인먼트,와이지엔터테인먼트
040300,YTN,YTN
332570,와이팜,와이팜
079000,와토스코리아,와토스코리아
032820,우리기술,우리기술
041190,우리기술투자,우리기술투자
115440,우리넷,우리넷
046970,우리로,우리로
082850,우리바이오,우리바이오
215360,우리산업,우리산업
072470,우리산업홀딩스,우리산업홀딩스
073560,우리손에프앤지,우리손에프앤지
037400,우리엔터프라이즈,우리엔터프라이즈
153490,우리이앤엘,우리이앤엘
101170,우림피티에스,우림피티에스
066590,우수AMS,우수AMS
103840,우양,우양
046940,우원개발,우원개발
215380,우정바이오,우정바이오
065680,우주일렉트로,우주일렉트로
018620,우진비앤지,우진비앤지
307280,원바이오젠,원바이오젠
053080,원방테크,원방테크
032940,원익,원익
104830,원익머트리얼즈,원익머트리얼즈
240810,원익IPS,원익IPS
014190,원익큐브,원익큐브
074600,원익QnC,원익QnC
217820,원익피앤이,원익피앤이
030530,원익홀딩스,원익홀딩스
012620,원일특강,원일특강
382840,원준,원준
336570,원텍,원텍
376980,원티드랩,원티드랩
008370,원풍,원풍
008290,원풍물산,원풍물산
101160,월덱스,월덱스
336060,웨이버스,웨이버스
095270,웨이브일렉트로,웨이브일렉트로
065950,웰크론,웰크론
076080,웰크론한텍,웰크론한텍
196700,웹스,웹스
069080,웹젠,웹젠
053580,웹케시,웹케시
071460,위니아,위니아
377460,위니아에이드,위니아에이드
044340,위닉스,위닉스
330350,위더스제약,위더스제약
348350,위드텍,위드텍
112040,위메이드,위메이드
101730,위메이드맥스,위메이드맥스
123420,위메이드플레이,위메이드플레이
065370,위세아이텍,위세아이텍
038620,위즈코프,위즈코프
299900,위지윅스튜디오,위지윅스튜디오
036090,위지트,위지트
136540,윈스,윈스
320000,윈텍,윈텍
097800,윈팩,윈팩
192390,윈하이텍,윈하이텍
313760,윌링스,윌링스
335870,윙스풋,윙스풋
900340,윙입푸드,윙입푸드
036200,유니셈,유니셈
018000,유니슨,유니슨
203450,유니온커뮤니티,유니온커뮤니티
011320,유니크,유니크
086390,유니테스트,유니테스트
241690,유니테크노,유니테크노
142210,유니트론텍,유니트론텍
048430,유라테크,유라테크
206650,유바이오로직스,유바이오로직스
089850,유비벨록스,유비벨록스
084440,유비온,유비온
032620,유비케어,유비케어
264450,유비쿼스,유비쿼스
078070,유비쿼스홀딩스,유비쿼스홀딩스
024800,유성티엔에스,유성티엔에스
054930,유신,유신
069330,유아이디,유아이디
049520,유아이엘,유아이엘
435380,유안타제10호스팩,유안타제10호스팩
367480,유안타제8호스팩,유안타제8호스팩
430700,유안타제9호스팩,유안타제9호스팩
263770,유에스티,유에스티
388720,유일로보틱스,유일로보틱스
340930,유일에너테크,유일에너테크
023410,유진기업,유진기업
373340,유진스팩6호,유진스팩6호
388800,유진스팩7호,유진스팩7호
413630,유진스팩8호,유진스팩8호
442130,유진스팩9호,유진스팩9호
056080,유진로봇,유진로봇
084370,유진테크,유진테크
178780,유테크,유테크
179900,유티아이,유티아이
263050,유틸렉스,유틸렉스
191410,육일씨엔에쓰,육일씨엔에쓰
372170,윤성에프앤씨,윤성에프앤씨
072770,율호,율호
039020,이건홀딩스,이건홀딩스
067920,이글루,이글루
044960,이글벳,이글벳
303530,이노뎁,이노뎁
296640,이노룰스,이노룰스
302430,이노메트리,이노메트리
056090,이노시스,이노시스
073490,이노와이어리스,이노와이어리스
215790,이노인스트루먼트,이노인스트루먼트
246960,이노테라피,이노테라피
088390,이녹스,이녹스
272290,이녹스첨단소재,이녹스첨단소재
053350,이니텍,이니텍
041520,이라이콤,이라이콤
264850,이랜시스,이랜시스
054210,이랜텍,이랜텍
164060,이루다,이루다
065440,이루온,이루온
115610,이미지스,이미지스
078020,이베스트투자증권,이베스트투자증권
131400,이브이첨단소재,이브이첨단소재
351330,이삭엔지니어링,이삭엔지니어링
080010,이상네트웍스,이상네트웍스
086890,이수앱지스,이수앱지스
047560,이스트소프트,이스트소프트
900110,이스트아시아홀딩스,이스트아시아홀딩스
067010,이씨에스,이씨에스
102710,이엔에프테크놀로지,이엔에프테크놀로지
066980,이엔코퍼레이션,이엔코퍼레이션
063760,이엘피,이엘피
123570,이엠넷,이엠넷
083470,이엠앤아이,이엠앤아이
095190,이엠코리아,이엠코리아
091120,이엠텍,이엠텍
039030,이오테크닉스,이오테크닉스
294090,이오플로우,이오플로우
245620,EDGC,EDGC
088290,이원컴포텍,이원컴포텍
181340,이즈미디어,이즈미디어
037370,EG,EG
353810,이지바이오,이지바이오
099750,이지케어텍,이지케어텍
377330,이지트로닉스,이지트로닉스
035810,이지홀딩스,이지홀딩스
160600,이큐셀,이큐셀
092130,이크레더블,이크레더블
096040,이트론,이트론
134060,이퓨쳐,이퓨쳐
001840,이화공영,이화공영
024810,이화전기,이화전기
041830,인바디,인바디
352940,인바이오,인바이오
079950,인베니아,인베니아
389470,인벤티지랩,인벤티지랩
277410,인산가,인산가
060150,인선이엔티,인선이엔티
033230,인성정보,인성정보
037330,인지디스플레,인지디스플레
100030,인지소프트,인지소프트
211050,인카금융서비스,인카금융서비스
083640,인콘,인콘
216050,인크로스,인크로스
049070,인탑스,인탑스
119610,인터로조,인터로조
017250,인터엠,인터엠
051370,인터플렉스,인터플렉스
064290,인텍플러스,인텍플러스
189300,인텔리안테크,인텔리안테크
150840,인트로메딕,인트로메딕
048530,인트론바이오,인트론바이오
175140,인포마크,인포마크
115310,인포바인,인포바인
039290,인포뱅크,인포뱅크
071200,인피니트헬스케어,인피니트헬스케어
101930,인화정공,인화정공
333430,일승,일승
068330,일신바이오,일신바이오
058450,일야,일야
019540,일지테크,일지테크
094820,일진파워,일진파워
950140,잉글우드랩,잉글우드랩
049550,잉크테크,잉크테크
254120,자비스,자비스
043910,자연과환경,자연과환경
234920,자이글,자이글
289220,자이언트스텝,자이언트스텝
174880,장원테크,장원테크
049630,재영솔루텍,재영솔루텍
417840,저스템,저스템
110020,전진바이오팜,전진바이오팜
208140,정다운,정다운
040420,정상제이엘에스,정상제이엘에스
045510,정원엔시스,정원엔시스
217190,제너셈,제너셈
095700,제넥신,제넥신
072520,제넨바이오,제넨바이오
122310,제노레이,제노레이
361390,제노코,제노코
225220,제놀루션,제놀루션
123330,제닉,제닉
159580,제로투세븐,제로투세븐
147830,제룡산업,제룡산업
033100,제룡전기,제룡전기
079370,제우스,제우스
067290,JW신약,JW신약
054950,제이브이엠,제이브이엠
023440,제이스코홀딩스,제이스코홀딩스
090470,제이스텍,제이스텍
287410,제이시스메디칼,제이시스메디칼
137950,제이씨케미칼,제이씨케미칼
033320,제이씨현시스템,제이씨현시스템
417500,제이아이테크,제이아이테크
204270,제이앤티씨,제이앤티씨
026040,제이에스티나,제이에스티나
126880,제이엔케이히터,제이엔케이히터
322510,제이엘케이,제이엘케이
033050,제이엠아이,제이엠아이
094970,제이엠티,제이엠티
035900,JYP Ent.,JYP Ent.
058420,제이웨이,제이웨이
089790,제이티,제이티
950170,JTC,JTC
052670,제일바이오,제일바이오
199820,제일전기공업,제일전기공업
038010,제일테크노스,제일테크노스
276730,제주맥주,제주맥주
080220,제주반도체,제주반도체
216080,제테마,제테마
229000,젠큐릭스,젠큐릭스
082270,젬백스,젬백스
064800,젬백스링크,젬백스링크
044060,조광ILI,조광ILI
034940,조아제약,조아제약
067000,조이시티,조이시티
033340,좋은사람들,좋은사람들
036930,주성엔지니어링,주성엔지니어링
357580,아모센스,아모센스
226400,오스테오닉,오스테오닉
187420,제노포커스,제노포커스
239340,줌인터넷,줌인터넷
051980,중앙디앤엠,중앙디앤엠
072020,중앙백신,중앙백신
000440,중앙에너비스,중앙에너비스
078650,지나인제약,지나인제약
228760,지노믹트리,지노믹트리
314130,지놈앤컴퍼니,지놈앤컴퍼니
389030,지니너스,지니너스
043610,지니뮤직,지니뮤직
263860,지니언스,지니언스
303030,지니틱스,지니틱스
036180,지더블유바이텍,지더블유바이텍
208350,지란지교시큐리티,지란지교시큐리티
144510,지씨셀,지씨셀
382480,지아이텍,지아이텍
382800,지앤비에스엔지니어링,지앤비에스엔지니어링
051160,지어소프트,지어소프트
053050,지에스이,지에스이
130500,GH신소재,GH신소재
119850,지엔씨에너지,지엔씨에너지
270520,지엔원에너지,지엔원에너지
065060,지엔코,지엔코
204840,지엘팜텍,지엘팜텍
311320,지오엘리먼트,지오엘리먼트
388050,지투파워,지투파워
219750,지티지웰니스,지티지웰니스
018120,진로발효,진로발효
109820,진매트릭스,진매트릭스
086060,진바이오텍,진바이오텍
036890,진성티이씨,진성티이씨
363250,진시스템,진시스템
007370,진양제약,진양제약
085660,차바이오텍,차바이오텍
261780,차백신연구소,차백신연구소
900250,크리스탈신소재,크리스탈신소재
094850,참좋은여행,참좋은여행
004650,창해에탄올,창해에탄올
278280,천보,천보
362320,청담글로벌,청담글로벌
066360,체리부로,체리부로
047820,초록뱀미디어,초록뱀미디어
131100,초록뱀이앤엠,초록뱀이앤엠
052300,초록뱀컴퍼니,초록뱀컴퍼니
094360,칩스앤미디어,칩스앤미디어
016790,카나리아바이오,카나리아바이오
016920,카스,카스
284620,카이노스메드,카이노스메드
293490,카카오게임즈,카카오게임즈
042000,카페24,카페24
317530,캐리소프트,캐리소프트
071850,캐스텍코리아,캐스텍코리아
050110,캠시스,캠시스
119860,커넥트웨이브,커넥트웨이브
223310,커머스마이너,커머스마이너
900310,컬러레이,컬러레이
078340,컴투스,컴투스
063080,컴투스홀딩스,컴투스홀딩스
307930,컴퍼니케이,컴퍼니케이
079190,케스피온,케스피온
263700,케어랩스,케어랩스
214370,케어젠,케어젠
221980,케이디켐,케이디켐
900280,골든센츄리,골든센츄리
024840,KBI메탈,KBI메탈
424140,케이비제21호스팩,케이비제21호스팩
436530,케이비제22호스팩,케이비제22호스팩
440200,케이비제23호스팩,케이비제23호스팩
318000,KBG,KBG
192250,케이사인,케이사인
021320,KCC건설,KCC건설
036670,KCI,KCI
115500,케이씨에스,케이씨에스
089150,케이씨티,케이씨티
025880,케이씨피드,케이씨피드
093320,케이아이엔엑스,케이아이엔엑스
073010,케이에스피,케이에스피
226360,KH 건설,KH 건설
060720,KH바텍,KH바텍
111870,KH 전자,KH 전자
122450,KX,KX
052900,KX하이텍,KX하이텍
105330,케이엔더블유,케이엔더블유
058400,KNN,KNN
272110,케이엔제이,케이엔제이
039420,케이엘넷,케이엘넷
083550,케이엠,케이엠
032500,케이엠더블유,케이엠더블유
225430,케이엠제약,케이엠제약
102370,케이옥션,케이옥션
046440,KG모빌리언스,KG모빌리언스
035600,KG이니시스,KG이니시스
151860,KG ETS,KG ETS
060370,KT서브마린,KT서브마린
036030,케이티알파,케이티알파
064820,케이프,케이프
256940,케이피에스,케이피에스
024880,케이피에프,케이피에프
114450,KPX생명과학,KPX생명과학
042040,케이피엠테크,케이피엠테크
054410,케이피티유,케이피티유
258610,케일럼,케일럼
274090,켄코아에어로스페이스,켄코아에어로스페이스
089010,켐트로닉스,켐트로닉스
220260,켐트로스,켐트로스
052400,코나아이,코나아이
402030,코난테크놀로지,코난테크놀로지
391710,코닉오토메이션,코닉오토메이션
046070,코다코,코다코
047770,코데즈컴바인,코데즈컴바인
078940,코드네이처,코드네이처
080530,코디,코디
104540,코렌텍,코렌텍
027050,코리아나,코리아나
190650,코리아에셋투자증권,코리아에셋투자증권
123410,코리아에프티,코리아에프티
036690,코맥스,코맥스
049430,코메론,코메론
183300,코미코,코미코
041960,코미팜,코미팜
089890,코세스,코세스
009730,코센,코센
082660,코스나인,코스나인
222040,코스맥스엔비티,코스맥스엔비티
241710,코스메카코리아,코스메카코리아
069110,코스온,코스온
166480,코아스템켐온,코아스템켐온
045970,코아시아,코아시아
196450,코아시아옵틱스,코아시아옵틱스
029960,코엔텍,코엔텍
102940,코오롱생명과학,코오롱생명과학
950160,코오롱티슈진,코오롱티슈진
056000,코원플레이,코원플레이
033290,코웰패션,코웰패션
056360,코위버,코위버
282880,코윈테크,코윈테크
121850,코이즈,코이즈
015710,코콤,코콤
052330,코텍,코텍
322780,코퍼스코리아,코퍼스코리아
200130,콜마비앤에이치,콜마비앤에이치
294570,쿠콘,쿠콘
317690,퀀타매트릭스,퀀타매트릭스
365270,큐라클,큐라클
060280,큐렉소,큐렉소
040350,큐로컴,큐로컴
051780,큐로홀딩스,큐로홀딩스
115180,큐리언트,큐리언트
182360,큐브엔터,큐브엔터
405100,큐알티,큐알티
066310,큐에스아이,큐에스아이
016600,큐캐피탈,큐캐피탈
096240,크레버스,크레버스
043590,크로바하이텍,크로바하이텍
114120,크루셜텍,크루셜텍
110790,크리스에프앤씨,크리스에프앤씨
083790,크리스탈지노믹스,크리스탈지노믹스
045520,크린앤사이언스,크린앤사이언스
036170,클라우드에어,클라우드에어
214150,클래시스,클래시스
352770,클리노믹스,클리노믹스
237880,클리오,클리오
139670,키네마스터,키네마스터
413600,키움제6호스팩,키움제6호스팩
433530,키움제7호스팩,키움제7호스팩
054780,키이스트,키이스트
219130,타이거일렉,타이거일렉
360070,탑머티리얼,탑머티리얼
065130,탑엔지니어링,탑엔지니어링
134580,탑코미디어,탑코미디어
023160,태광,태광
323280,태성,태성
053620,태양,태양
044490,태웅,태웅
124560,태웅로직스,태웅로직스
191420,테고사이언스,테고사이언스
073640,테라사이언스,테라사이언스
066700,테라젠이텍스,테라젠이텍스
095610,테스,테스
064520,테크엘,테크엘
089030,테크윙,테크윙
054450,텔레칩스,텔레칩스
091440,텔레필드,텔레필드
200230,텔콘RF제약,텔콘RF제약
215480,토박스코리아,토박스코리아
051360,토비스,토비스
045340,토탈소프트,토탈소프트
108230,톱텍,톱텍
079970,투비소프트,투비소프트
199800,툴젠,툴젠
105550,트루윈,트루윈
290090,트윔,트윔
026150,특수건설,특수건설
322180,티라유텍,티라유텍
117730,티로보틱스,티로보틱스
033830,티비씨,티비씨
057680,티사이언티픽,티사이언티픽
204610,티쓰리,티쓰리
064760,티씨케이,티씨케이
246710,티앤알바이오팹,티앤알바이오팹
340570,티앤엘,티앤엘
043220,티에스넥스젠,티에스넥스젠
277880,티에스아이,티에스아이
131290,티에스이,티에스이
246690,TS인베스트먼트,TS인베스트먼트
317240,TS트릴리온,TS트릴리온
425420,티에프이,티에프이
356860,티엘비,티엘비
062860,티엘아이,티엘아이
321550,티움바이오,티움바이오
425040,티이엠씨,티이엠씨
032540,TJ미디어,TJ미디어
022220,TKG애강,TKG애강
104480,티케이케미칼,티케이케미칼
081150,티플랙스,티플랙스
130740,티피씨글로벌,티피씨글로벌
048770,TPC,TPC
084730,팅크웨어,팅크웨어
046210,파나진,파나진
058530,파나케이아,파나케이아
034230,파라다이스,파라다이스
033540,파라텍,파라텍
043200,파루,파루
214450,파마리서치,파마리서치
208340,파멥신,파멥신
177830,파버나인,파버나인
037070,파세코,파세코
150900,파수,파수
037030,파워넷,파워넷
047310,파워로직스,파워로직스
368770,파이버프로,파이버프로
170790,파이오링크,파이오링크
049120,파인디앤씨,파인디앤씨
038950,파인디지털,파인디지털
441270,파인엠텍,파인엠텍
106240,파인테크닉스,파인테크닉스
131760,파인텍,파인텍
065690,파커스,파커스
140860,파크시스템스,파크시스템스
091700,파트론,파트론
032800,판타지오,판타지오
318010,팜스빌,팜스빌
027710,팜스토리,팜스토리
225590,패션플랫폼,패션플랫폼
054300,팬스타엔터프라이즈,팬스타엔터프라이즈
068050,팬엔터테인먼트,팬엔터테인먼트
222110,팬젠,팬젠
263750,펄어비스,펄어비스
251970,펌텍코리아,펌텍코리아
168360,펨트론,펨트론
087010,펩트론,펩트론
119500,포메탈,포메탈
389140,포바이포,포바이포
022100,포스코 ICT,포스코 ICT
189690,포시에스,포시에스
318020,포인트모바일,포인트모바일
256630,포인트엔지니어링,포인트엔지니어링
331380,포커스에이치엔에스,포커스에이치엔에스
234100,폴라리스세원,폴라리스세원
041020,폴라리스오피스,폴라리스오피스
114630,폴라리스우노,폴라리스우노
290720,푸드나무,푸드나무
005670,푸드웰,푸드웰
094940,푸른기술,푸른기술
007330,푸른저축은행,푸른저축은행
093380,풍강,풍강
023900,풍국주정,풍국주정
371950,풍원정밀,풍원정밀
370090,퓨런티어,퓨런티어
220100,퓨쳐켐,퓨쳐켐
035200,프럼파스트,프럼파스트
334970,프레스티지바이오로직스,프레스티지바이오로직스
203690,프로스테믹스,프로스테믹스
321260,프로이천,프로이천
053610,프로텍,프로텍
377220,프롬바이오,프롬바이오
335810,프리시젼바이오,프리시젼바이오
053160,프리엠스,프리엠스
405000,플라즈맵,플라즈맵
041590,플래스크,플래스크
367000,플래티어,플래티어
075130,플랜티넷,플랜티넷
237820,플레이디,플레이디
023770,플레이위드,플레이위드
300080,플리토,플리토
032580,피델릭스,피델릭스
051380,피씨디렉트,피씨디렉트
241820,피씨엘,피씨엘
237750,피앤씨테크,피앤씨테크
024850,피에스엠씨,피에스엠씨
319660,피에스케이,피에스케이
031980,피에스케이홀딩스,피에스케이홀딩스
002230,피에스텍,피에스텍
057880,피에이치씨,피에이치씨
043370,피에이치에이,피에이치에이
239890,피엔에이치테크,피엔에이치테크
347740,피엔케이피부임상연구센타,피엔케이피부임상연구센타
137400,피엔티,피엔티
024940,PN풍년,PN풍년
128660,피제이메탈,피제이메탈
006140,피제이전자,피제이전자
376180,피코그램,피코그램
304840,피플바이오,피플바이오
062970,피피아이,피피아이
087600,픽셀플러스,픽셀플러스
291810,핀텔,핀텔
161580,필옵틱스,필옵틱스
347770,핌스,핌스
163730,핑거,핑거
417180,핑거스토리,핑거스토리
343510,하나금융16호스팩,하나금융16호스팩
388220,하나금융19호스팩,하나금융19호스팩
400560,하나금융20호스팩,하나금융20호스팩
406760,하나금융21호스팩,하나금융21호스팩
418170,하나금융22호스팩,하나금융22호스팩
427950,하나금융23호스팩,하나금융23호스팩
430230,하나금융24호스팩,하나금융24호스팩
435620,하나금융25호스팩,하나금융25호스팩
299030,하나기술,하나기술
067310,하나마이크론,하나마이크론
372290,하나머스트7호스팩,하나머스트7호스팩
166090,하나머티리얼즈,하나머티리얼즈
136480,하림,하림
003380,하림지주,하림지주
101670,하이드로리튬,하이드로리튬
365590,하이딥,하이딥
149980,하이로닉,하이로닉
013030,하이록코리아,하이록코리아
126700,하이비젼시스템,하이비젼시스템
106080,하이소닉,하이소닉
377400,하이제6호스팩,하이제6호스팩
400840,하이제7호스팩,하이제7호스팩
221840,하이즈항공,하이즈항공
106190,하이텍팜,하이텍팜
373200,하인크코리아,하인크코리아
066130,하츠,하츠
004590,한국가구,한국가구
039340,한국경제TV,한국경제TV
034950,한국기업평가,한국기업평가
222980,한국맥널티,한국맥널티
256840,한국비엔씨,한국비엔씨
025550,한국선재,한국선재
017890,한국알콜,한국알콜
080720,한국유니온제약,한국유니온제약
063570,한국전자금융,한국전자금융
041460,한국전자인증,한국전자인증
101680,한국정밀기계,한국정밀기계
039740,한국정보공학,한국정보공학
053300,한국정보인증,한국정보인증
025770,한국정보통신,한국정보통신
409570,한국제10호스팩,한국제10호스팩
436610,한국제11호스팩,한국제11호스팩
023760,한국캐피탈,한국캐피탈
054040,한국컴퓨터,한국컴퓨터
021650,한국큐빅,한국큐빅
053590,한국테크놀로지,한국테크놀로지
032300,한국파마,한국파마
037230,한국팩키지,한국팩키지
030520,한글과컴퓨터,한글과컴퓨터
052600,한네트,한네트
256150,한독크린텍,한독크린텍
092460,한라IMS,한라IMS
047080,한빛소프트,한빛소프트
114810,한솔아이원스,한솔아이원스
070590,한솔인티큐브,한솔인티큐브
226440,한송네오텍,한송네오텍
042520,한스바이오메드,한스바이오메드
078350,한양디지텍,한양디지텍
045100,한양이엔지,한양이엔지
024740,한일단조,한일단조
005860,한일사료,한일사료
123840,한일진공,한일진공
007770,한일화학,한일화학
198940,한주라이트메탈,한주라이트메탈
079170,한창산업,한창산업
054920,한컴위드,한컴위드
002680,한탑,한탑
386580,한화플러스제2호스팩,한화플러스제2호스팩
430460,한화플러스제3호스팩,한화플러스제3호스팩
034810,해성산업,해성산업
03481K,해성산업1우,해성산업1우
076610,해성옵틱스,해성옵틱스
059270,해성티피씨,해성티피씨
220180,핸디소프트,핸디소프트
900270,헝셩그룹,헝셩그룹
214180,헥토이노베이션,헥토이노베이션
234340,헥토파이낸셜,헥토파이낸셜
084990,헬릭스미스,헬릭스미스
170030,현대공업,현대공업
319400,현대무벡스,현대무벡스
052260,현대바이오랜드,현대바이오랜드
048410,현대바이오,현대바이오
041440,현대에버다임,현대에버다임
039010,현대에이치티,현대에이치티
090850,현대이지웰,현대이지웰
092300,현우산업,현우산업
138360,협진,협진
011080,형지I&C,형지I&C
060560,홈센타홀딩스,홈센타홀딩스
064240,홈캐스트,홈캐스트
039610,화성밸브,화성밸브
126640,화신정공,화신정공
061250,화일약품,화일약품
097870,효성오앤비,효성오앤비
290270,휴네시온,휴네시온
353190,휴럼,휴럼
192410,휴림네트웍스,휴림네트웍스
090710,휴림로봇,휴림로봇
205470,휴마시스,휴마시스
115160,휴맥스,휴맥스
028080,휴맥스홀딩스,휴맥스홀딩스
032860,휴먼엔,휴먼엔
200670,휴메딕스,휴메딕스
065510,휴비츠,휴비츠
215090,휴센텍,휴센텍
263920,휴엠앤씨,휴엠앤씨
243070,휴온스,휴온스
084110,휴온스글로벌,휴온스글로벌
145020,휴젤,휴젤
024060,흥구석유,흥구석유
010240,흥국,흥국
189980,흥국에프엔비,흥국에프엔비
037440,희림,희림
238490,힘스,힘스
