001465,BYC우
001045,CJ우
00104K,CJ4우(전환)
011155,CJ씨푸드1우
000995,DB하이텍1우
001530,DI동일
000215,DL우
37550K,DL이앤씨우
37550L,DL이앤씨2우(전환)
007700,F&F홀딩스
078935,GS우
003560,IHQ
001065,JW중외제약우
001067,JW중외제약2우B
009070,KCTC
003555,LG우
051905,LG생활건강우
066575,LG전자우
051915,LG화학우
010120,LS ELECTRIC
181710,NHN
004255,NPC우
004250,NPC
010955,S-Oil우
123700,SJM
025530,SJM홀딩스
03473K,SK우
001745,SK네트웍스우
096775,SK이노베이션우
001515,SK증권우
28513K,SK케미칼우
084870,TBH글로벌
013580,계룡건설
012205,계양전기우
014285,금강공업우
002995,금호건설우
011785,금호석유우
011780,금호석유
004545,깨끗한나라우
008355,남선알미우
003925,남양유업우
005725,넥센우
002355,넥센타이어1우B
090355,노루페인트우
000325,노루홀딩스우
005257,녹십자홀딩스2우
019685,대교우B
00806K,대덕1우
35320K,대덕전자1우
005750,대림B&Co
001685,대상우
084695,대상홀딩스우
003545,대신증권우
003547,대신증권2우B
006345,대원전선우
001795,대한제당우
003495,대한항공우
004835,덕성우
005965,동부건설우
001525,동양우
001527,동양2우B
014825,동원시스템즈우
000155,두산우
000157,두산2우B
33626K,두산퓨얼셀1우
33626L,두산퓨얼셀2우B
00499K,롯데지주우
005305,롯데칠성우
005300,롯데칠성
006805,미래에셋증권우
00680K,미래에셋증권2우B
003650,미창석유
001275,부국증권우
006405,삼성SDI우
02826K,삼성물산우B
009155,삼성전기우
005935,삼성전자우
010145,삼성중공우
000815,삼성화재우
000810,삼성화재
145995,삼양사우
000075,삼양홀딩스우
005680,삼영전자
003720,삼영화학
011230,삼화전자
001820,삼화콘덴서
000390,삼화페인트
017390,서울가스
004415,서울식품우
004410,서울식품
014915,성문전자우
004985,성신양회우
004365,세방우
33637K,솔루스첨단소재1우
33637L,솔루스첨단소재2우B
035510,신세계 I&C
001725,신영증권우
019175,신풍제약우
003410,쌍용C&E
003620,쌍용차
097955,CJ제일제당 우
002795,아모레G우
00279K,아모레G3우(전환)
002790,아모레G
090435,아모레퍼시픽우
006125,SK디스커버리우
326030,SK바이오팜
005945,NH투자증권우
900140,엘브이엠씨홀딩스
108675,LX하우시스우
38380K,LX홀딩스1우
003475,유안타증권우
000225,유유제약1우
000227,유유제약2우B
001200,유진투자증권
000105,유한양행우
003465,유화증권우
334890,이지스밸류리츠
007575,일양약품우
002380,KCC
010640,진양폴리
002785,진흥기업우B
002787,진흥기업2우B
344820,KCC글라스
030200,KT
053210,스카이라이프
033780,KT&G
007815,코리아써우
00781K,코리아써키트2우B
002025,코오롱우
003075,코오롱글로벌우
120115,코오롱인더우
26490K,크라운제과우
005745,크라운해태홀딩스우
004105,태양금속우
009415,태영건설우
36328K,티와이홀딩스우
069260,TKG휴켐스
019490,하이트론
000087,하이트진로2우B
000145,하이트진로홀딩스우
025540,한국단자
004090,한국석유
002200,한국수출포장
033270,유나이티드제약
015760,한국전력
000970,한국주철관
071055,한국금융지주우
010100,한국프랜지
010420,한솔PNS
011700,한신기계
001755,한양증권우
18064K,한진칼우
000885,한화우
00088K,한화3우B
009835,한화솔루션우
003535,한화투자증권우
000725,현대건설우
004565,현대비앤지스틸우
017800,현대엘리베이
005385,현대차우
005387,현대차2우B
005389,현대차3우B
005380,현대차
008775,호텔신라우
006060,화승인더
094280,효성ITX
005870,휴니드
000545,흥국화재우
000547,흥국화재2우B
